Market,Year,KPI,Jan,Feb,Mar,Apr,May,Jun,Jul,Aug,Sep,Oct,Nov,Dec
ALL,2024,Cross Brand Plus,12901,28433,53092,82154,112102,151156,184696,214285,239457,265080,297436,332643
ALL,2024,New Brand Adopters,47709,80670,121218,160779,192445,229336,259026,284348,301426,316803,335134,354267
ALL,2024,New Members,69969,130753,201057,268373,331792,408988,476660,535909,588303,647342,716306,790010
ALL,2024,Redeeming Members,30259,51091,75064,98493,120852,145156,164490,180666,194908,208800,225811,245591
ALL,2024,Returning Members,124827,204070,292828,372277,432333,496297,544898,583416,609389,631682,657126,682066
ALL,2024,Sales Penetration,0.590708327,0.587289463,0.591989301,0.593793891,0.597363289,0.607683228,0.613538299,0.616530015,0.616817732,0.616037229,0.613791703,0.611339657
ALL,2024,Total Sales,54326528.8,101420958.5,162433414.3,222922979.7,276780072.4,338235934.2,389869584.1,436675198.9,480585916.5,529034519,586980189,650565524.5
ALL,2024,Transacting Members,194796,334823,493885,640650,764125,905285,1021558,1119325,1197692,1279024,1373432,1472076
KSA,2024,Cross Brand Plus,4505,10550,21677,35308,48305,64882,79339,92491,104149,115659,130277,145073
KSA,2024,New Brand Adopters,20401,35742,57261,77928,92484,109694,123216,134708,142672,149704,158288,166749
KSA,2024,New Members,30959,61312,100705,137699,169673,211688,246605,277416,305282,334990,369088,403178
KSA,2024,Redeeming Members,13345,23451,35459,47386,58271,69955,79904,88550,96467,103779,112707,122869
KSA,2024,Returning Members,53449,91563,138912,181363,209804,241450,264906,284310,297934,309146,321976,333787
KSA,2024,Sales Penetration,0.693629996,0.694775739,0.683000077,0.66962866,0.671781343,0.679864585,0.687738015,0.694173588,0.695842094,0.699097872,0.698796022,0.69827811
KSA,2024,Total Sales,15966976.68,31749352.16,54814987.42,77906518.63,95340535.32,116072569.8,134143927.2,151425881,167165365,183106614.1,201792429.6,220347921.4
KSA,2024,Transacting Members,84408,152875,239617,319062,379477,453138,511511,561726,603216,644136,691064,736965
UAE,2024,Cross Brand Plus,6824,14074,24538,36047,48850,65501,79840,91795,101441,111917,124900,140628
UAE,2024,New Brand Adopters,18120,30131,43878,56930,69065,83186,94732,104239,110698,116861,123897,132046
UAE,2024,New Members,34796,61438,87882,112658,138094,167641,195495,219196,239628,264098,293377,327796
UAE,2024,Redeeming Members,13409,22040,31853,40951,50126,60512,68505,74854,80196,85620,92458,100742
UAE,2024,Returning Members,49852,78545,108798,134266,156584,179601,197495,210511,219235,227345,236518,246628
UAE,2024,Sales Penetration,0.516127519,0.512110077,0.51959188,0.524589272,0.530201899,0.541749943,0.547807638,0.549181921,0.54921083,0.547406335,0.545412082,0.543715539
UAE,2024,Total Sales,31351610.93,57570194.01,89062408.28,119148608.7,149145793.2,182143702,209932051.2,233866544.6,257223918.4,284566487.1,317426176,355719258.9
UAE,2024,Transacting Members,84648,139983,196680,246924,294678,347242,392990,429707,458863,491443,529895,574424
ALL,2025,Cross Brand Plus,12132,28242,60660,83363,116838,151759,185928,215907,241170,266409,298312.3968,330726.1104
ALL,2025,New Brand Adopters,39992,71175,120142,147650,182793,216344,244498,267456,285092,302268,322465.5312,342192.8916
ALL,2025,New Members,72307,130978,225054,280363,352591,421668,493571,556296,610477,665083,730702,798550
ALL,2025,Redeeming Members,28618,49163,78995,96498,121265,144233,164709,180405,194654,207511,223169.312,236276.0442
ALL,2025,Returning Members,119524,200772,318152,375325,445488,507506,555360,592794,622281,649844,681762,710237
ALL,2025,Sales Penetration,0.603394399,0.610318095,0.625490124,0.624496415,0.630188906,0.636256249,0.639191042,0.637885425,0.636759947,0.633983769,0.6302,0.627
ALL,2025,Total Sales,58980534.84,112402183.7,198573517.7,251033494.6,317313971.1,380734388,439055983.3,492317561.1,542617822.1,598438015.1,664192639,733108157
ALL,2025,Transacting Members,191831,331750,543206,655688,798079,929174,1048931,1149090,1232758,1314927,1412464,1508787
KSA,2025,Cross Brand Plus,4431,10801,27806,36719,51262,66731,82115,95293,107181,118801,133559.118,146773.554
KSA,2025,New Brand Adopters,18281,33067,63105,75016,91864,107895,121225,131620,140311,148741,158555.232,166980.372
KSA,2025,New Members,35556,66548,131162,156029,194068,232250,271858,305494,334894,362953,395948,426480
KSA,2025,Redeeming Members,14740,25355,42622,50553,62607,73938,84244,92235,100209,107586,116254.116,122572.365
KSA,2025,Returning Members,53360,92631,164432,189385,223761,254790,278711,297344,312878,327244,343582,356730
KSA,2025,Sales Penetration,0.711822887,0.720466579,0.703155262,0.705184742,0.710877614,0.712227368,0.714011911,0.709940473,0.709008309,0.709103362,0.7067,0.7058
KSA,2025,Total Sales,18994824.6,37061686.28,76495917.11,91542089.45,113887565.1,135698538.8,156405612.1,174657281.3,191754466.7,209420499,229467904,248822934
KSA,2025,Transacting Members,88916,159179,295594,345414,417829,487040,550569,602838,647772,690197,739530,783210
UAE,2025,Cross Brand Plus,6212,13634,25144,35655,50057,64589,78700,91049,100926,111176,124427.1812,140032.7832
UAE,2025,New Brand Adopters,14859,25991,39805,51087,64599,77167,88132,97187,103566,110042,117732.9776,126745.8442
UAE,2025,New Members,32935,57059,81944,107737,136190,161541,188404,213326,234121,257417,286391,320467
UAE,2025,Redeeming Members,11446,19675,30473,38349,48825,58370,67009,73369,78612,83382,89734.2054,96012.5766
UAE,2025,Returning Members,47971,77777,111979,135273,161132,183121,200447,213851,223593,233338,244895,257226
UAE,2025,Sales Penetration,0.540211732,0.545059982,0.563201785,0.563946586,0.569718293,0.578004066,0.581852521,0.582177005,0.581783418,0.578924283,0.5762,0.574
UAE,2025,Total Sales,33854541.53,63592261.94,102999559.4,135106906,171921334.1,206658269.4,238209453.5,267750996.8,296306428.8,329970499.9,370546780,415564136
UAE,2025,Transacting Members,80906,134836,193923,243010,297322,344662,388851,427177,457714,490755,531286,577693
ALL,2026,Cross Brand Plus,13200.19161,35984.56995,68370.68291,90702.89918,127125.2874,165120.9922,202298.4854,234917.0598,262404.4024,289865.6318,324578.0412,359845.6995
ALL,2026,New Brand Adopters,46653.39404,87822.09338,143708.8801,172243.7895,213240.4945,252380.023,285223.5831,312005.6551,332579.2512,352616.226,376178.0229,399191.3335
ALL,2026,New Members,76645.42,151541.8077,251790.6351,297184.78,373746.46,446968.08,523185.26,589673.76,647105.62,704987.98,774544.12,846463
ALL,2026,Redeeming Members,40065.76362,76081.95651,115776.8903,135099.1005,169773.3883,201929.0406,230595.8439,252570.553,272519.4337,290519.4869,312441.4321,330791.1153
ALL,2026,Returning Members,126695.44,232293.6051,355948.7685,397844.5,472217.28,537956.36,588681.6,628361.64,659617.86,688834.64,722667.72,752851.22
ALL,2026,Sales Penetration,0.619080471,0.636346727,0.661990948,0.658198939,0.666014524,0.66782927,0.667843786,0.662240835,0.659702162,0.654930308,0.649608297,0.649660343
ALL,2026,Total Sales,64878588.32,137091225.4,233861502.1,276136844.1,349045368.2,418807826.8,482961581.7,541549317.2,596879604.3,658281816.6,730611902.9,806418972.7
ALL,2026,Transacting Members,203340.86,383835.4128,607739.4036,695029.28,845963.74,984924.44,1111866.86,1218035.4,1306723.48,1393822.62,1497211.84,1599314.22
KSA,2026,Cross Brand Plus,4953.140146,14121.94966,32024.21472,40859.04313,57046.74101,74257.70399,91368.00082,106032.4758,119242.0573,132159.7809,148564.4375,163295.0475
KSA,2026,New Brand Adopters,21326.03262,40801.02791,75483.58506,87511.27744,107165.6179,125866.8721,141417.2258,153543.7018,163682.3458,173516.5154,184965.486,194793.9861
KSA,2026,New Members,46346.64879,93574.28865,192739.064,203765.3937,243773.8702,284351.5334,321447.5373,350916.051,376674.3932,399257.8611,424775.5582,443384.6407
KSA,2026,Redeeming Members,20636.2903,39238.00434,62467.78429,70775.19563,87651.03303,103514.6562,117943.2592,129130.8165,140294.5736,150622.5189,162758.052,171603.725
KSA,2026,Returning Members,47904.31121,90596.13235,137971.792,162373.4463,199124.8698,231910.8666,262155.6027,288092.229,309963.9268,332350.9589,359126.2418,386817.9593
KSA,2026,Sales Penetration,0.725015779,0.741157418,0.718310447,0.735740824,0.744973885,0.739590151,0.735285806,0.720707359,0.717174524,0.714108853,0.709603978,0.70832189
KSA,2026,Total Sales,20894307.06,45202253.37,90089807.98,100696298.4,125276321.7,149268392.7,172046173.3,192123009.4,210929913.3,230362548.9,252414694.4,273705227.4
KSA,2026,Transacting Members,94250.96,184170.421,330710.856,366138.84,442898.74,516262.4,583603.14,639008.28,686638.32,731608.82,783901.8,830202.6
UAE,2026,Cross Brand Plus,7114.259688,18171.78385,32283.19107,40705.0596,56667.85855,73203.71272,89472.15037,102982.493,113786.2359,125280.171,139543.3279,155726.6576
UAE,2026,New Brand Adopters,18185.6121,33680.59475,53456.24635,62711.98838,78660.52859,94068.45347,107165.3182,117498.0634,125464.7518,133597.7992,142832.5057,152782.5679
UAE,2026,New Members,37280.11589,70127.21159,103386.2541,122448.7828,153696.0249,181690.7805,212374.2938,239552.8735,262344.9489,287288.8889,318147.4464,353922.0598
UAE,2026,Redeeming Members,16024.62543,30447.94855,44661.93024,53689.35527,68355.96159,81719.14958,93813.91972,102718.045,110058.3482,116736.4422,125629.6548,134419.4982
UAE,2026,Returning Members,50513.65271,89716.66392,119652.3818,142092.11,169924.9325,193500.1839,210926.4348,225435.1005,235899.1259,246849.6373,259987.832,274425.6624
UAE,2026,Sales Penetration,0.560211732,0.565059982,0.583201785,0.583946586,0.589718293,0.598004066,0.601852521,0.602177005,0.601783418,0.598924283,0.5962,0.594
UAE,2026,Total Sales,38537567.45,80302071.37,125980573.8,154140333.5,196094374.9,235700252.9,271689630.5,305357082.8,337874663.7,376133186.2,422213696.1,473248929.1
UAE,2026,Transacting Members,87793.7686,159843.8755,223038.6359,264540.8928,323620.9574,375190.9644,423300.7286,464987.974,498244.0748,534138.5262,578135.2784,628347.7222
